Timestamp(ms),Motor_Speed(RPM),Commanded_PWM
0,1.2396694214876032,1
1,1.2396694214876032,1
2,1.2396694214876032,1
3,1.2396694214876032,1
4,1.2396694214876032,1
5,1.2396694214876032,1
6,1.2396694214876032,1
7,1.2396694214876032,1
8,1.2396694214876032,1
9,1.2396694214876032,1
10,1.2396694214876032,1
11,1.2396694214876032,1
12,1.2396694214876032,1
13,1.2396694214876032,1
14,1.2396694214876032,1
15,1.2396694214876032,1
16,1.2396694214876032,1
17,1.2396694214876032,1
18,1.2396694214876032,1
19,1.2396694214876032,1
20,1.2396694214876032,1
21,1.2396694214876032,1
22,1.2396694214876032,1
23,1.2396694214876032,1
24,1.2396694214876032,1
25,1.2396694214876032,1
26,1.2396694214876032,1
27,1.2396694214876032,1
28,1.2396694214876032,1
29,1.2396694214876032,1
30,1.2396694214876032,1
31,1.2396694214876032,1
32,1.2396694214876032,1
33,1.2396694214876032,1
34,1.2396694214876032,1
35,1.2396694214876032,1
36,1.2396694214876032,1
37,1.2396694214876032,1
38,1.2396694214876032,1
39,1.2396694214876032,1
40,1.2396694214876032,1
41,1.2396694214876032,1
42,1.2396694214876032,1
43,1.2396694214876032,1
44,1.2396694214876032,1
45,1.2396694214876032,1
46,1.2396694214876032,1
47,1.2396694214876032,1
48,1.2396694214876032,1
49,1.2396694214876032,1
50,1.2396694214876032,1
51,1.2396694214876032,1
52,1.2396694214876032,1
53,1.2396694214876032,1
54,1.2396694214876032,1
55,1.2396694214876032,1
56,1.2396694214876032,1
57,1.2396694214876032,1
58,1.2396694214876032,1
59,1.2396694214876032,1
60,1.2396694214876032,1
61,1.2396694214876032,1
62,1.2396694214876032,1
63,1.2396694214876032,1
64,1.2396694214876032,1
65,1.2396694214876032,1
66,1.2396694214876032,1
67,1.2396694214876032,1
68,1.2396694214876032,1
69,1.2396694214876032,1
70,1.2396694214876032,1
71,1.2396694214876032,1
72,1.2396694214876032,1
73,1.2396694214876032,1
74,1.2396694214876032,1
75,1.2396694214876032,1
76,1.2396694214876032,1
77,1.2396694214876032,1
78,1.2396694214876032,1
79,1.2396694214876032,1
80,1.2396694214876032,1
81,1.2396694214876032,1
82,1.2396694214876032,1
83,1.2396694214876032,1
84,1.2396694214876032,1
85,1.2396694214876032,1
86,1.2396694214876032,1
87,1.2396694214876032,1
88,1.2396694214876032,1
89,1.2396694214876032,1
90,1.2396694214876032,1
91,1.2396694214876032,1
92,1.2396694214876032,1
93,1.2396694214876032,1
94,1.2396694214876032,1
95,1.2396694214876032,1
96,1.2396694214876032,1
97,1.2396694214876032,1
98,1.2396694214876032,1
99,1.2396694214876032,1
100,1.2396694214876032,1
101,1.2396694214876032,1
102,1.2396694214876032,1
103,1.2396694214876032,1
104,1.2396694214876032,1
105,1.2396694214876032,1
106,1.2396694214876032,1
107,1.2396694214876032,1
108,1.2396694214876032,1
109,1.2396694214876032,1
110,1.2396694214876032,1
111,1.2396694214876032,1
112,1.2396694214876032,1
113,1.2396694214876032,1
114,1.2396694214876032,1
115,1.2396694214876032,1
116,1.2396694214876032,1
117,1.2396694214876032,1
118,1.2396694214876032,1
119,1.2396694214876032,1
120,1.2396694214876032,1
121,1.2396694214876032,1
122,1.2396694214876032,1
123,1.2396694214876032,1
124,1.2396694214876032,1
125,1.2396694214876032,1
126,1.2396694214876032,1
127,1.2396694214876032,1
128,1.2396694214876032,1
129,1.2396694214876032,1
130,1.2396694214876032,1
131,1.2396694214876032,1
132,1.2396694214876032,1
133,1.2396694214876032,1
134,1.2396694214876032,1
135,1.2396694214876032,1
136,1.2396694214876032,1
137,1.2396694214876032,1
138,1.2396694214876032,1
139,1.2396694214876032,1
140,1.2396694214876032,1
141,1.2396694214876032,1
142,1.2396694214876032,1
143,1.2396694214876032,1
144,1.2396694214876032,1
145,1.2396694214876032,1
146,1.2396694214876032,1
147,1.2396694214876032,1
148,1.2396694214876032,1
149,1.2396694214876032,1
150,1.2396694214876032,1
151,1.2396694214876032,1
152,1.2396694214876032,1
153,1.2396694214876032,1
154,1.2396694214876032,1
155,1.2396694214876032,1
156,1.2396694214876032,1
157,1.2396694214876032,1
158,1.2396694214876032,1
159,1.2396694214876032,1
160,1.2396694214876032,1
161,1.2396694214876032,1
162,1.2396694214876032,1
163,1.2396694214876032,1
164,1.2396694214876032,1
165,1.2396694214876032,1
166,1.2396694214876032,1
167,1.2396694214876032,1
168,1.2396694214876032,1
169,1.2396694214876032,1
170,1.2396694214876032,1
171,1.2396694214876032,1
172,1.2396694214876032,1
173,1.2396694214876032,1
174,1.2396694214876032,1
175,1.2396694214876032,1
176,1.2396694214876032,1
177,1.2396694214876032,1
178,1.2396694214876032,1
179,1.2396694214876032,1
180,1.2396694214876032,1
181,1.2396694214876032,1
182,1.2396694214876032,1
183,1.2396694214876032,1
184,1.2396694214876032,1
185,1.2396694214876032,1
186,1.2396694214876032,1
187,1.2396694214876032,1
188,1.2396694214876032,1
189,1.2396694214876032,1
190,1.2396694214876032,1
191,1.2396694214876032,1
192,1.2396694214876032,1
193,1.2396694214876032,1
194,1.2396694214876032,1
195,1.2396694214876032,1
196,1.2396694214876032,1
197,1.2396694214876032,1
198,1.2396694214876032,1
199,1.2396694214876032,1
200,1.2396694214876032,1
201,1.2396694214876032,1
202,1.2396694214876032,1
203,1.2396694214876032,1
204,1.2396694214876032,1
205,1.2396694214876032,1
206,1.2396694214876032,1
207,1.2396694214876032,1
208,1.2396694214876032,1
209,1.2396694214876032,1
210,1.2396694214876032,1
211,1.2396694214876032,1
212,1.2396694214876032,1
213,1.2396694214876032,1
214,1.2396694214876032,1
215,1.2396694214876032,1
216,1.2396694214876032,1
217,1.2396694214876032,1
218,1.2396694214876032,1
219,1.2396694214876032,1
220,1.2396694214876032,1
221,1.2396694214876032,1
222,1.2396694214876032,1
223,1.2396694214876032,1
224,1.2396694214876032,1
225,1.2396694214876032,1
226,1.2396694214876032,1
227,1.2396694214876032,1
228,1.2396694214876032,1
229,1.2396694214876032,1
230,1.2396694214876032,1
231,1.2396694214876032,1
232,1.2396694214876032,1
233,1.2396694214876032,1
234,1.2396694214876032,1
235,1.2396694214876032,1
236,1.2396694214876032,1
237,1.2396694214876032,1
238,1.2396694214876032,1
239,1.2396694214876032,1
240,1.2396694214876032,1
241,1.2396694214876032,1
242,1.2396694214876032,1
243,1.2396694214876032,1
244,1.2396694214876032,1
245,1.2396694214876032,1
246,1.2396694214876032,1
247,1.2396694214876032,1
248,1.2396694214876032,1
249,1.2396694214876032,1
250,1.2396694214876032,1
251,1.2396694214876032,1
252,1.2396694214876032,1
253,1.2396694214876032,1
254,1.2396694214876032,1
255,1.2396694214876032,1
256,1.2396694214876032,1
257,1.2396694214876032,1
258,1.2396694214876032,1
259,1.2396694214876032,1
260,1.2396694214876032,1
261,1.2396694214876032,1
262,1.2396694214876032,1
263,1.2396694214876032,1
264,1.2396694214876032,1
265,1.2396694214876032,1
266,1.2396694214876032,1
267,1.2396694214876032,1
268,1.2396694214876032,1
269,1.2396694214876032,1
270,1.2396694214876032,1
271,1.2396694214876032,1
272,1.2396694214876032,1
273,1.2396694214876032,1
274,1.2396694214876032,1
275,1.2396694214876032,1
276,1.2396694214876032,1
277,1.2396694214876032,1
278,1.2396694214876032,1
279,1.2396694214876032,1
280,1.2396694214876032,1
281,1.2396694214876032,1
282,1.2396694214876032,1
283,1.2396694214876032,1
284,1.2396694214876032,1
285,1.2396694214876032,1
286,1.2396694214876032,1
287,1.2396694214876032,1
288,1.2396694214876032,1
289,1.2396694214876032,1
290,1.2396694214876032,1
291,1.2396694214876032,1
292,1.2396694214876032,1
293,1.2396694214876032,1
294,1.2396694214876032,1
295,1.2396694214876032,1
296,1.2396694214876032,1
297,1.2396694214876032,1
298,1.2396694214876032,1
299,1.2396694214876032,1
300,1.2396694214876032,1
301,1.2396694214876032,1
302,1.2396694214876032,1
303,1.2396694214876032,1
304,1.2396694214876032,1
305,1.2396694214876032,1
306,1.2396694214876032,1
307,1.2396694214876032,1
308,1.2396694214876032,1
309,1.2396694214876032,1
310,1.2396694214876032,1
311,1.2396694214876032,1
312,1.2396694214876032,1
313,1.2396694214876032,1
314,1.2396694214876032,1
315,1.2396694214876032,1
316,1.2396694214876032,1
317,1.2396694214876032,1
318,1.2396694214876032,1
319,1.2396694214876032,1
320,1.2396694214876032,1
321,1.2396694214876032,1
322,1.2396694214876032,1
323,1.2396694214876032,1
324,1.2396694214876032,1
325,1.2396694214876032,1
326,1.2396694214876032,1
327,1.2396694214876032,1
328,1.2396694214876032,1
329,1.2396694214876032,1
330,1.2396694214876032,1
331,1.2396694214876032,1
332,1.2396694214876032,1
333,1.2396694214876032,1
334,1.2396694214876032,1
335,1.2396694214876032,1
336,1.2396694214876032,1
337,1.2396694214876032,1
338,1.2396694214876032,1
339,1.2396694214876032,1
340,1.2396694214876032,1
341,1.2396694214876032,1
342,1.2396694214876032,1
343,1.2396694214876032,1
344,1.2396694214876032,1
345,1.2396694214876032,1
346,1.2396694214876032,1
347,1.2396694214876032,1
348,1.2396694214876032,1
349,1.2396694214876032,1
350,1.2396694214876032,1
351,1.2396694214876032,1
352,1.2396694214876032,1
353,1.2396694214876032,1
354,1.2396694214876032,1
355,1.2396694214876032,1
356,1.2396694214876032,1
357,1.2396694214876032,1
358,1.2396694214876032,1
359,1.2396694214876032,1
360,1.2396694214876032,1
361,1.2396694214876032,1
362,1.2396694214876032,1
363,1.2396694214876032,1
364,1.2396694214876032,1
365,1.2396694214876032,1
366,1.2396694214876032,1
367,1.2396694214876032,1
368,1.2396694214876032,1
369,1.2396694214876032,1
370,1.2396694214876032,1
371,1.2396694214876032,1
372,1.2396694214876032,1
373,1.2396694214876032,1
374,1.2396694214876032,1
375,1.2396694214876032,1
376,1.2396694214876032,1
377,1.2396694214876032,1
378,1.2396694214876032,1
379,1.2396694214876032,1
380,1.2396694214876032,1
381,1.2396694214876032,1
382,1.2396694214876032,1
383,1.2396694214876032,1
384,1.2396694214876032,1
385,1.2396694214876032,1
386,1.2396694214876032,1
387,1.2396694214876032,1
388,1.2396694214876032,1
389,1.2396694214876032,1
390,1.2396694214876032,1
391,1.2396694214876032,1
392,1.2396694214876032,1
393,1.2396694214876032,1
394,1.2396694214876032,1
395,1.2396694214876032,1
396,1.2396694214876032,1
397,1.2396694214876032,1
398,1.2396694214876032,1
399,1.2396694214876032,1
400,1.2396694214876032,1
401,1.2396694214876032,1
402,1.2396694214876032,1
403,1.2396694214876032,1
404,1.2396694214876032,1
405,1.2396694214876032,1
406,1.2396694214876032,1
407,1.2396694214876032,1
408,1.2396694214876032,1
409,1.2396694214876032,1
410,1.2396694214876032,1
411,1.2396694214876032,1
412,1.2396694214876032,1
413,1.2396694214876032,1
414,1.2396694214876032,1
415,1.2396694214876032,1
416,1.2396694214876032,1
417,1.2396694214876032,1
418,1.2396694214876032,1
419,1.2396694214876032,1
420,1.2396694214876032,1
421,1.2396694214876032,1
422,1.2396694214876032,1
423,1.2396694214876032,1
424,1.2396694214876032,1
425,1.2396694214876032,1
426,1.2396694214876032,1
427,1.2396694214876032,1
428,1.2396694214876032,1
429,1.2396694214876032,3724
430,1.2396694214876032,3724
431,1.2396694214876032,3724
432,1.2396694214876032,3724
433,1.2396694214876032,3724
434,1.2396694214876032,3724
435,1.2396694214876032,3724
436,1.2396694214876032,3724
437,1.2396694214876032,3724
438,1.2396694214876032,3724
439,32.231404958677686,3724
440,32.231404958677686,3724
441,32.231404958677686,3724
442,32.231404958677686,3724
443,32.231404958677686,3724
444,94.21487603305785,3724
445,94.21487603305785,3724
446,94.21487603305785,3724
447,94.21487603305785,3724
448,94.21487603305785,3724
449,156.198347107438,3724
450,156.198347107438,3724
451,156.198347107438,3724
452,156.198347107438,3724
453,156.198347107438,3724
454,218.18181818181816,3724
455,218.18181818181816,3724
456,218.18181818181816,3724
457,218.18181818181816,3724
458,218.18181818181816,3724
459,311.15702479338836,3724
460,311.15702479338836,3724
461,311.15702479338836,3724
462,311.15702479338836,3724
463,311.15702479338836,3724
464,404.1322314049586,3724
465,404.1322314049586,3724
466,404.1322314049586,3724
467,404.1322314049586,3724
468,404.1322314049586,3724
469,497.1074380165289,3724
470,497.1074380165289,3724
471,497.1074380165289,3724
472,497.1074380165289,3724
473,497.1074380165289,3724
474,590.0826446280992,3724
475,590.0826446280992,3724
476,590.0826446280992,3724
477,590.0826446280992,3724
478,590.0826446280992,3724
479,683.0578512396694,3724
480,683.0578512396694,3724
481,683.0578512396694,3724
482,683.0578512396694,3724
483,683.0578512396694,3724
484,714.0495867768594,3724
485,714.0495867768594,3724
486,714.0495867768594,3724
487,714.0495867768594,3724
488,714.0495867768594,3724
489,776.0330578512396,3724
490,776.0330578512396,3724
491,776.0330578512396,3724
492,776.0330578512396,3724
493,776.0330578512396,3724
494,807.0247933884297,3724
495,807.0247933884297,3724
496,807.0247933884297,3724
497,807.0247933884297,3724
498,807.0247933884297,3724
499,838.0165289256198,3724
500,838.0165289256198,3724
501,838.0165289256198,3724
502,838.0165289256198,3724
503,838.0165289256198,3724
504,838.0165289256198,3724
505,838.0165289256198,3724
506,838.0165289256198,3724
507,838.0165289256198,3724
508,838.0165289256198,3724
509,869.0082644628098,3724
510,869.0082644628098,3724
511,869.0082644628098,3724
512,869.0082644628098,3724
513,869.0082644628098,3724
514,899.9999999999999,3724
515,899.9999999999999,3724
516,899.9999999999999,3724
517,899.9999999999999,3724
518,899.9999999999999,3724
519,869.0082644628098,3724
520,869.0082644628098,3724
521,869.0082644628098,3724
522,869.0082644628098,3724
523,869.0082644628098,3724
524,899.9999999999999,3724
525,899.9999999999999,3724
526,899.9999999999999,3724
527,899.9999999999999,3724
528,899.9999999999999,3724
529,899.9999999999999,3724
530,899.9999999999999,3724
531,899.9999999999999,3724
532,899.9999999999999,3724
533,899.9999999999999,3724
534,930.99173553719,3724
535,930.99173553719,3724
536,930.99173553719,3724
537,930.99173553719,3724
538,930.99173553719,3724
539,899.9999999999999,3724
540,899.9999999999999,3724
541,899.9999999999999,3724
542,899.9999999999999,3724
543,899.9999999999999,3724
544,930.99173553719,3724
545,930.99173553719,3724
546,930.99173553719,3724
547,930.99173553719,3724
548,930.99173553719,3724
549,930.99173553719,3724
550,930.99173553719,3724
551,930.99173553719,3724
552,930.99173553719,3724
553,930.99173553719,3724
554,930.99173553719,3724
555,930.99173553719,3724
556,930.99173553719,3724
557,930.99173553719,3724
558,930.99173553719,3724
559,961.9834710743801,3724
560,961.9834710743801,3724
561,961.9834710743801,3724
562,961.9834710743801,3724
563,961.9834710743801,3724
564,930.99173553719,3724
565,930.99173553719,3724
566,930.99173553719,3724
567,930.99173553719,3724
568,930.99173553719,3724
569,930.99173553719,3724
570,930.99173553719,3724
571,930.99173553719,3724
572,930.99173553719,3724
573,930.99173553719,3724
574,930.99173553719,3724
575,930.99173553719,3724
576,930.99173553719,3724
577,930.99173553719,3724
578,930.99173553719,3724
579,961.9834710743801,3724
580,961.9834710743801,3724
581,961.9834710743801,3724
582,961.9834710743801,3724
583,961.9834710743801,3724
584,961.9834710743801,3724
585,961.9834710743801,3724
586,961.9834710743801,3724
587,961.9834710743801,3724
588,961.9834710743801,3724
589,930.99173553719,3724
590,930.99173553719,3724
591,930.99173553719,3724
592,930.99173553719,3724
593,930.99173553719,3724
594,930.99173553719,3724
595,930.99173553719,3724
596,930.99173553719,3724
597,930.99173553719,3724
598,930.99173553719,3724
599,930.99173553719,3724
600,930.99173553719,3724
601,930.99173553719,3724
602,930.99173553719,3724
603,930.99173553719,3724
604,961.9834710743801,3724
605,961.9834710743801,3724
606,961.9834710743801,3724
607,961.9834710743801,3724
608,961.9834710743801,3724
609,961.9834710743801,3724
610,961.9834710743801,3724
611,961.9834710743801,3724
612,961.9834710743801,3724
613,961.9834710743801,3724
614,961.9834710743801,3724
615,961.9834710743801,3724
616,961.9834710743801,3724
617,961.9834710743801,3724
618,961.9834710743801,3724
619,961.9834710743801,3724
620,961.9834710743801,3724
621,961.9834710743801,3724
622,961.9834710743801,3724
623,961.9834710743801,3724
624,930.99173553719,3724
625,930.99173553719,3724
626,930.99173553719,3724
627,930.99173553719,3724
628,930.99173553719,3724
629,961.9834710743801,3724
630,961.9834710743801,3724
631,961.9834710743801,3724
632,961.9834710743801,3724
633,961.9834710743801,3724
634,961.9834710743801,3724
635,961.9834710743801,3724
636,961.9834710743801,3724
637,961.9834710743801,3724
638,961.9834710743801,3724
639,961.9834710743801,3724
640,961.9834710743801,3724
641,961.9834710743801,3724
642,961.9834710743801,3724
643,961.9834710743801,3724
644,961.9834710743801,3724
645,961.9834710743801,3724
646,961.9834710743801,3724
647,961.9834710743801,3724
648,961.9834710743801,3724
649,961.9834710743801,3724
650,961.9834710743801,3724
651,961.9834710743801,3724
652,961.9834710743801,3724
653,961.9834710743801,3724
654,930.99173553719,3724
655,930.99173553719,3724
656,930.99173553719,3724
657,930.99173553719,3724
658,930.99173553719,3724
659,930.99173553719,3724
660,930.99173553719,3724
661,930.99173553719,3724
662,930.99173553719,3724
663,930.99173553719,3724
664,961.9834710743801,3724
665,961.9834710743801,3724
666,961.9834710743801,3724
667,961.9834710743801,3724
668,961.9834710743801,3724
669,961.9834710743801,3724
670,961.9834710743801,3724
671,961.9834710743801,3724
672,961.9834710743801,3724
673,961.9834710743801,3724
674,961.9834710743801,3724
675,961.9834710743801,3724
676,961.9834710743801,3724
677,961.9834710743801,3724
678,961.9834710743801,3724
679,961.9834710743801,3724
680,961.9834710743801,3724
681,961.9834710743801,3724
682,961.9834710743801,3724
683,961.9834710743801,3724
684,961.9834710743801,3724
685,961.9834710743801,3724
686,961.9834710743801,3724
687,961.9834710743801,3724
688,961.9834710743801,3724
689,930.99173553719,3724
690,930.99173553719,3724
691,930.99173553719,3724
692,930.99173553719,3724
693,930.99173553719,3724
694,961.9834710743801,3724
695,961.9834710743801,3724
696,961.9834710743801,3724
697,961.9834710743801,3724
698,961.9834710743801,3724
699,961.9834710743801,3724
700,961.9834710743801,3724
701,961.9834710743801,3724
702,961.9834710743801,3724
703,961.9834710743801,3724
704,961.9834710743801,3724
705,961.9834710743801,3724
706,961.9834710743801,3724
707,961.9834710743801,3724
708,961.9834710743801,3724
709,961.9834710743801,3724
710,961.9834710743801,3724
711,961.9834710743801,3724
712,961.9834710743801,3724
713,961.9834710743801,3724
714,961.9834710743801,3724
715,961.9834710743801,3724
716,961.9834710743801,3724
717,961.9834710743801,3724
718,961.9834710743801,3724
719,930.99173553719,3724
720,930.99173553719,3724
721,930.99173553719,3724
722,930.99173553719,3724
723,930.99173553719,3724
724,930.99173553719,3724
725,930.99173553719,3724
726,930.99173553719,3724
727,930.99173553719,3724
728,930.99173553719,3724
729,961.9834710743801,3724
730,961.9834710743801,3724
731,961.9834710743801,3724
732,961.9834710743801,3724
733,961.9834710743801,3724
734,961.9834710743801,3724
735,961.9834710743801,3724
736,961.9834710743801,3724
737,961.9834710743801,3724
738,961.9834710743801,3724
739,961.9834710743801,3724
740,961.9834710743801,3724
741,961.9834710743801,3724
742,961.9834710743801,3724
743,961.9834710743801,3724
744,961.9834710743801,3724
745,961.9834710743801,3724
746,961.9834710743801,3724
747,961.9834710743801,3724
748,961.9834710743801,3724
749,961.9834710743801,3724
750,961.9834710743801,3724
751,961.9834710743801,3724
752,961.9834710743801,3724
753,961.9834710743801,3724
754,930.99173553719,3724
755,930.99173553719,3724
756,930.99173553719,3724
757,930.99173553719,3724
758,930.99173553719,3724
759,961.9834710743801,3724
760,961.9834710743801,3724
761,961.9834710743801,3724
762,961.9834710743801,3724
763,961.9834710743801,3724
764,961.9834710743801,3724
765,961.9834710743801,3724
766,961.9834710743801,3724
767,961.9834710743801,3724
768,961.9834710743801,3724
769,961.9834710743801,3724
770,961.9834710743801,3724
771,961.9834710743801,3724
772,961.9834710743801,3724
773,961.9834710743801,3724
774,961.9834710743801,3724
775,961.9834710743801,3724
776,961.9834710743801,3724
777,961.9834710743801,3724
778,961.9834710743801,3724
779,961.9834710743801,3724
780,961.9834710743801,3724
781,961.9834710743801,3724
782,961.9834710743801,3724
783,961.9834710743801,3724
784,961.9834710743801,3724
785,961.9834710743801,3724
786,961.9834710743801,3724
787,961.9834710743801,3724
788,961.9834710743801,3724
789,930.99173553719,3724
790,930.99173553719,3724
791,930.99173553719,3724
792,930.99173553719,3724
793,930.99173553719,3724
794,961.9834710743801,3724
795,961.9834710743801,3724
796,961.9834710743801,3724
797,961.9834710743801,3724
798,961.9834710743801,3724
799,961.9834710743801,3724
800,961.9834710743801,3724
801,961.9834710743801,3724
802,961.9834710743801,3724
803,961.9834710743801,3724
804,961.9834710743801,3724
805,961.9834710743801,3724
806,961.9834710743801,3724
807,961.9834710743801,3724
808,961.9834710743801,3724
809,961.9834710743801,3724
810,961.9834710743801,3724
811,961.9834710743801,3724
812,961.9834710743801,3724
813,961.9834710743801,3724
814,961.9834710743801,3724
815,961.9834710743801,3724
816,961.9834710743801,3724
817,961.9834710743801,3724
818,961.9834710743801,3724
819,961.9834710743801,3724
820,961.9834710743801,3724
821,961.9834710743801,3724
822,961.9834710743801,3724
823,961.9834710743801,3724
824,930.99173553719,3724
825,930.99173553719,3724
826,930.99173553719,3724
827,930.99173553719,3724
828,930.99173553719,3724
829,961.9834710743801,3724
830,961.9834710743801,3724
831,961.9834710743801,3724
832,961.9834710743801,3724
833,961.9834710743801,3724
834,961.9834710743801,3724
835,961.9834710743801,3724
836,961.9834710743801,3724
837,961.9834710743801,3724
838,961.9834710743801,3724
839,961.9834710743801,3724
840,961.9834710743801,3724
841,961.9834710743801,3724
842,961.9834710743801,3724
843,961.9834710743801,3724
844,961.9834710743801,3724
845,961.9834710743801,3724
846,961.9834710743801,3724
847,961.9834710743801,3724
848,961.9834710743801,3724
849,961.9834710743801,3724
850,961.9834710743801,3724
851,961.9834710743801,3724
852,961.9834710743801,3724
853,961.9834710743801,3724
854,961.9834710743801,3724
855,961.9834710743801,3724
856,961.9834710743801,3724
857,961.9834710743801,3724
858,961.9834710743801,3724
859,930.99173553719,3724
860,930.99173553719,3724
861,930.99173553719,3724
862,930.99173553719,3724
863,930.99173553719,3724
864,961.9834710743801,3724
865,961.9834710743801,3724
866,961.9834710743801,3724
867,961.9834710743801,3724
868,961.9834710743801,3724
869,961.9834710743801,3724
870,961.9834710743801,3724
871,961.9834710743801,3724
872,961.9834710743801,3724
873,961.9834710743801,3724
874,961.9834710743801,3724
875,961.9834710743801,3724
876,961.9834710743801,3724
877,961.9834710743801,3724
878,961.9834710743801,3724
879,961.9834710743801,3724
880,961.9834710743801,3724
881,961.9834710743801,3724
882,961.9834710743801,3724
883,961.9834710743801,3724
884,961.9834710743801,3724
885,961.9834710743801,3724
886,961.9834710743801,3724
887,961.9834710743801,3724
888,961.9834710743801,3724
889,961.9834710743801,3724
890,961.9834710743801,3724
891,961.9834710743801,3724
892,961.9834710743801,3724
893,961.9834710743801,3724
894,930.99173553719,3724
895,930.99173553719,3724
896,930.99173553719,3724
897,930.99173553719,3724
898,930.99173553719,3724
899,961.9834710743801,3724
900,961.9834710743801,3724
901,961.9834710743801,3724
902,961.9834710743801,3724
903,961.9834710743801,3724
904,961.9834710743801,3724
905,961.9834710743801,3724
906,961.9834710743801,3724
907,961.9834710743801,3724
908,961.9834710743801,3724
909,961.9834710743801,3724
910,961.9834710743801,3724
911,961.9834710743801,3724
912,961.9834710743801,3724
913,961.9834710743801,3724
914,961.9834710743801,3724
915,961.9834710743801,3724
916,961.9834710743801,3724
917,961.9834710743801,3724
918,961.9834710743801,3724
919,961.9834710743801,3724
920,961.9834710743801,3724
921,961.9834710743801,3724
922,961.9834710743801,3724
923,961.9834710743801,3724
924,961.9834710743801,3724
925,961.9834710743801,3724
926,961.9834710743801,3724
927,961.9834710743801,3724
928,961.9834710743801,3724
929,961.9834710743801,3724
930,961.9834710743801,3724
931,961.9834710743801,3724
932,961.9834710743801,3724
933,961.9834710743801,3724
934,961.9834710743801,3724
935,961.9834710743801,3724
936,961.9834710743801,3724
937,961.9834710743801,3724
938,961.9834710743801,3724
939,961.9834710743801,3724
940,961.9834710743801,3724
941,961.9834710743801,3724
942,961.9834710743801,3724
943,961.9834710743801,3724
944,961.9834710743801,3724
945,961.9834710743801,3724
946,961.9834710743801,3724
947,961.9834710743801,3724
948,961.9834710743801,3724
949,961.9834710743801,3724
950,961.9834710743801,3724
951,961.9834710743801,3724
952,961.9834710743801,3724
953,961.9834710743801,3724
954,961.9834710743801,3724
955,961.9834710743801,3724
956,961.9834710743801,3724
957,961.9834710743801,3724
958,961.9834710743801,3724
959,961.9834710743801,3724
960,961.9834710743801,3724
961,961.9834710743801,3724
962,961.9834710743801,3724
963,961.9834710743801,3724
964,930.99173553719,3724
965,930.99173553719,3724
966,930.99173553719,3724
967,930.99173553719,3724
968,930.99173553719,3724
969,930.99173553719,3724
970,930.99173553719,3724
971,930.99173553719,3724
972,930.99173553719,3724
973,930.99173553719,3724
974,961.9834710743801,3724
975,961.9834710743801,3724
976,961.9834710743801,3724
977,961.9834710743801,3724
978,961.9834710743801,3724
979,961.9834710743801,3724
980,961.9834710743801,3724
981,961.9834710743801,3724
982,961.9834710743801,3724
983,961.9834710743801,3724
984,961.9834710743801,3724
985,961.9834710743801,3724
986,961.9834710743801,3724
987,961.9834710743801,3724
988,961.9834710743801,3724
989,961.9834710743801,3724
990,961.9834710743801,3724
991,961.9834710743801,3724
992,961.9834710743801,3724
993,961.9834710743801,3724
994,961.9834710743801,3724
995,961.9834710743801,3724
996,961.9834710743801,3724
997,961.9834710743801,3724
998,961.9834710743801,3724
999,961.9834710743801,3724
1000,961.9834710743801,3724
1001,961.9834710743801,3724
1002,961.9834710743801,3724
1003,961.9834710743801,3724
1004,961.9834710743801,3724
1005,961.9834710743801,3724
1006,961.9834710743801,3724
1007,961.9834710743801,3724
1008,961.9834710743801,3724
1009,961.9834710743801,3724
1010,961.9834710743801,3724
1011,961.9834710743801,3724
1012,961.9834710743801,3724
1013,961.9834710743801,3724
1014,961.9834710743801,3724
1015,961.9834710743801,3724
1016,961.9834710743801,3724
1017,961.9834710743801,3724
1018,961.9834710743801,3724
1019,961.9834710743801,3724
1020,961.9834710743801,3724
1021,961.9834710743801,3724
1022,961.9834710743801,3724
1023,961.9834710743801,3724
1024,961.9834710743801,3724
1025,961.9834710743801,3724
1026,961.9834710743801,3724
1027,961.9834710743801,3724
1028,961.9834710743801,3724
1029,961.9834710743801,3724
1030,961.9834710743801,3724
1031,961.9834710743801,3724
1032,961.9834710743801,3724
1033,961.9834710743801,3724
1034,930.99173553719,3724
1035,930.99173553719,3724
1036,930.99173553719,3724
1037,930.99173553719,3724
1038,930.99173553719,3724
1039,930.99173553719,3724
1040,930.99173553719,3724
1041,930.99173553719,3724
1042,930.99173553719,3724
1043,930.99173553719,3724
1044,961.9834710743801,3724
1045,961.9834710743801,3724
1046,961.9834710743801,3724
1047,961.9834710743801,3724
1048,961.9834710743801,3724
1049,961.9834710743801,3724
1050,961.9834710743801,3724
1051,961.9834710743801,3724
1052,961.9834710743801,3724
1053,961.9834710743801,3724
1054,961.9834710743801,3724
1055,961.9834710743801,3724
1056,961.9834710743801,3724
1057,961.9834710743801,3724
1058,961.9834710743801,3724
1059,961.9834710743801,3724
1060,961.9834710743801,3724
1061,961.9834710743801,3724
1062,961.9834710743801,3724
1063,961.9834710743801,3724
1064,961.9834710743801,3724
1065,961.9834710743801,3724
1066,961.9834710743801,3724
1067,961.9834710743801,3724
1068,961.9834710743801,3724
1069,961.9834710743801,3724
1070,961.9834710743801,3724
1071,961.9834710743801,3724
1072,961.9834710743801,3724
1073,961.9834710743801,3724
1074,961.9834710743801,3724
1075,961.9834710743801,3724
1076,961.9834710743801,3724
1077,961.9834710743801,3724
1078,961.9834710743801,3724
1079,961.9834710743801,3724
1080,961.9834710743801,3724
1081,961.9834710743801,3724
1082,961.9834710743801,3724
1083,961.9834710743801,3724
1084,961.9834710743801,3724
1085,961.9834710743801,3724
1086,961.9834710743801,3724
1087,961.9834710743801,3724
1088,961.9834710743801,3724
1089,961.9834710743801,3724
1090,961.9834710743801,3724
1091,961.9834710743801,3724
1092,961.9834710743801,3724
1093,961.9834710743801,3724
1094,961.9834710743801,3724
1095,961.9834710743801,3724
1096,961.9834710743801,3724
1097,961.9834710743801,3724
1098,961.9834710743801,3724
1099,961.9834710743801,3724
1100,961.9834710743801,3724
1101,961.9834710743801,3724
1102,961.9834710743801,3724
1103,961.9834710743801,3724
1104,961.9834710743801,3724
1105,961.9834710743801,3724
1106,961.9834710743801,3724
1107,961.9834710743801,3724
1108,961.9834710743801,3724
1109,961.9834710743801,3724
1110,961.9834710743801,3724
1111,961.9834710743801,3724
1112,961.9834710743801,3724
1113,961.9834710743801,3724
1114,961.9834710743801,3724
1115,961.9834710743801,3724
1116,961.9834710743801,3724
1117,961.9834710743801,3724
1118,961.9834710743801,3724
1119,961.9834710743801,3724
1120,961.9834710743801,3724
1121,961.9834710743801,3724
1122,961.9834710743801,3724
1123,961.9834710743801,3724
1124,961.9834710743801,3724
1125,961.9834710743801,3724
1126,961.9834710743801,3724
1127,961.9834710743801,3724
1128,961.9834710743801,3724
1129,961.9834710743801,3724
1130,961.9834710743801,3724
1131,961.9834710743801,3724
1132,961.9834710743801,3724
1133,961.9834710743801,3724
1134,961.9834710743801,3724
1135,961.9834710743801,3724
1136,961.9834710743801,3724
1137,961.9834710743801,3724
1138,961.9834710743801,3724
1139,961.9834710743801,3724
1140,961.9834710743801,3724
1141,961.9834710743801,3724
1142,961.9834710743801,3724
1143,961.9834710743801,3724
1144,961.9834710743801,3724
1145,961.9834710743801,3724
1146,961.9834710743801,3724
1147,961.9834710743801,3724
1148,961.9834710743801,3724
1149,930.99173553719,3724
1150,930.99173553719,3724
1151,930.99173553719,3724
1152,930.99173553719,3724
1153,930.99173553719,3724
1154,961.9834710743801,3724
1155,961.9834710743801,3724
1156,961.9834710743801,3724
1157,961.9834710743801,3724
1158,961.9834710743801,3724
1159,961.9834710743801,3724
1160,961.9834710743801,3724
1161,961.9834710743801,3724
1162,961.9834710743801,3724
1163,961.9834710743801,3724
1164,961.9834710743801,3724
1165,961.9834710743801,3724
1166,961.9834710743801,3724
1167,961.9834710743801,3724
1168,961.9834710743801,3724
1169,961.9834710743801,3724
1170,961.9834710743801,3724
1171,961.9834710743801,3724
1172,961.9834710743801,3724
1173,961.9834710743801,3724
1174,961.9834710743801,3724
1175,961.9834710743801,3724
1176,961.9834710743801,3724
1177,961.9834710743801,3724
1178,961.9834710743801,3724
1179,961.9834710743801,3724
1180,961.9834710743801,3724
1181,961.9834710743801,3724
1182,961.9834710743801,3724
1183,961.9834710743801,3724
1184,930.99173553719,3724
1185,930.99173553719,3724
1186,930.99173553719,3724
1187,930.99173553719,3724
1188,930.99173553719,3724
1189,961.9834710743801,3724
1190,961.9834710743801,3724
1191,961.9834710743801,3724
1192,961.9834710743801,3724
1193,961.9834710743801,3724
1194,961.9834710743801,3724
1195,961.9834710743801,3724
1196,961.9834710743801,3724
1197,961.9834710743801,3724
1198,961.9834710743801,3724
1199,961.9834710743801,3724
1200,961.9834710743801,3724
1201,961.9834710743801,3724
1202,961.9834710743801,3724
1203,961.9834710743801,3724
1204,961.9834710743801,3724
1205,961.9834710743801,3724
1206,961.9834710743801,3724
1207,961.9834710743801,3724
1208,961.9834710743801,3724
1209,961.9834710743801,3724
1210,961.9834710743801,3724
1211,961.9834710743801,3724
1212,961.9834710743801,3724
1213,961.9834710743801,3724
1214,961.9834710743801,3724
1215,961.9834710743801,3724
1216,961.9834710743801,3724
1217,961.9834710743801,3724
1218,961.9834710743801,3724
1219,961.9834710743801,3724
1220,961.9834710743801,3724
1221,961.9834710743801,3724
1222,961.9834710743801,3724
1223,961.9834710743801,3724
1224,961.9834710743801,3724
1225,961.9834710743801,3724
1226,961.9834710743801,3724
1227,961.9834710743801,3724
1228,961.9834710743801,3724
1229,961.9834710743801,3724
1230,961.9834710743801,3724
1231,961.9834710743801,3724
1232,961.9834710743801,3724
1233,961.9834710743801,3724
1234,961.9834710743801,3724
1235,961.9834710743801,3724
1236,961.9834710743801,3724
1237,961.9834710743801,3724
1238,961.9834710743801,3724
1239,961.9834710743801,3724
1240,961.9834710743801,3724
1241,961.9834710743801,3724
1242,961.9834710743801,3724
1243,961.9834710743801,3724
1244,961.9834710743801,3724
1245,961.9834710743801,3724
1246,961.9834710743801,3724
1247,961.9834710743801,3724
1248,961.9834710743801,3724
1249,961.9834710743801,3724
1250,961.9834710743801,3724
1251,961.9834710743801,3724
1252,961.9834710743801,3724
1253,961.9834710743801,3724
1254,961.9834710743801,3724
1255,961.9834710743801,3724
1256,961.9834710743801,3724
1257,961.9834710743801,3724
1258,961.9834710743801,3724
1259,930.99173553719,3724
1260,930.99173553719,3724
1261,930.99173553719,3724
1262,930.99173553719,3724
1263,930.99173553719,3724
1264,961.9834710743801,3724
1265,961.9834710743801,3724
1266,961.9834710743801,3724
1267,961.9834710743801,3724
1268,961.9834710743801,3724
1269,961.9834710743801,3724
1270,961.9834710743801,3724
1271,961.9834710743801,3724
1272,961.9834710743801,3724
1273,961.9834710743801,3724
1274,961.9834710743801,3724
1275,961.9834710743801,3724
1276,961.9834710743801,3724
1277,961.9834710743801,3724
1278,961.9834710743801,3724
1279,961.9834710743801,3724
1280,961.9834710743801,3724
1281,961.9834710743801,3724
1282,961.9834710743801,3724
1283,961.9834710743801,3724
1284,961.9834710743801,3724
1285,961.9834710743801,3724
1286,961.9834710743801,3724
1287,961.9834710743801,3724
1288,961.9834710743801,3724
1289,961.9834710743801,3724
1290,961.9834710743801,3724
1291,961.9834710743801,3724
1292,961.9834710743801,3724
1293,961.9834710743801,3724
1294,961.9834710743801,3724
1295,961.9834710743801,3724
1296,961.9834710743801,3724
1297,961.9834710743801,3724
1298,961.9834710743801,3724
1299,961.9834710743801,3724
1300,961.9834710743801,3724
1301,961.9834710743801,3724
1302,961.9834710743801,3724
1303,961.9834710743801,3724
1304,961.9834710743801,3724
1305,961.9834710743801,3724
1306,961.9834710743801,3724
1307,961.9834710743801,3724
1308,961.9834710743801,3724
1309,961.9834710743801,3724
1310,961.9834710743801,3724
1311,961.9834710743801,3724
1312,961.9834710743801,3724
1313,961.9834710743801,3724
1314,961.9834710743801,3724
1315,961.9834710743801,3724
1316,961.9834710743801,3724
1317,961.9834710743801,3724
1318,961.9834710743801,3724
1319,961.9834710743801,3724
1320,961.9834710743801,3724
1321,961.9834710743801,3724
1322,961.9834710743801,3724
1323,961.9834710743801,3724
1324,961.9834710743801,3724
1325,961.9834710743801,3724
1326,961.9834710743801,3724
1327,961.9834710743801,3724
1328,961.9834710743801,3724
1329,961.9834710743801,3724
1330,961.9834710743801,3724
1331,961.9834710743801,3724
1332,961.9834710743801,3724
1333,961.9834710743801,3724
1334,930.99173553719,3724
1335,930.99173553719,3724
1336,930.99173553719,3724
1337,930.99173553719,3724
1338,930.99173553719,3724
1339,961.9834710743801,3724
1340,961.9834710743801,3724
1341,961.9834710743801,3724
1342,961.9834710743801,3724
1343,961.9834710743801,3724
1344,961.9834710743801,3724
1345,961.9834710743801,3724
1346,961.9834710743801,3724
1347,961.9834710743801,3724
1348,961.9834710743801,3724
1349,961.9834710743801,3724
1350,961.9834710743801,3724
1351,961.9834710743801,3724
1352,961.9834710743801,3724
1353,961.9834710743801,3724
1354,961.9834710743801,3724
1355,961.9834710743801,3724
1356,961.9834710743801,3724
1357,961.9834710743801,3724
1358,961.9834710743801,3724
1359,961.9834710743801,3724
1360,961.9834710743801,3724
1361,961.9834710743801,3724
1362,961.9834710743801,3724
1363,961.9834710743801,3724
1364,961.9834710743801,3724
1365,961.9834710743801,3724
1366,961.9834710743801,3724
1367,961.9834710743801,3724
1368,961.9834710743801,3724
1369,961.9834710743801,3724
1370,961.9834710743801,3724
1371,961.9834710743801,3724
1372,961.9834710743801,3724
1373,961.9834710743801,3724
1374,961.9834710743801,3724
1375,961.9834710743801,3724
1376,961.9834710743801,3724
1377,961.9834710743801,3724
1378,961.9834710743801,3724
1379,961.9834710743801,3724
1380,961.9834710743801,3724
1381,961.9834710743801,3724
1382,961.9834710743801,3724
1383,961.9834710743801,3724
1384,961.9834710743801,3724
1385,961.9834710743801,3724
1386,961.9834710743801,3724
1387,961.9834710743801,3724
1388,961.9834710743801,3724
1389,961.9834710743801,3724
1390,961.9834710743801,3724
1391,961.9834710743801,3724
1392,961.9834710743801,3724
1393,961.9834710743801,3724
1394,961.9834710743801,3724
1395,961.9834710743801,3724
1396,961.9834710743801,3724
1397,961.9834710743801,3724
1398,961.9834710743801,3724
1399,961.9834710743801,3724
1400,961.9834710743801,3724
1401,961.9834710743801,3724
1402,961.9834710743801,3724
1403,961.9834710743801,3724
1404,961.9834710743801,3724
1405,961.9834710743801,3724
1406,961.9834710743801,3724
1407,961.9834710743801,3724
1408,961.9834710743801,3724
1409,961.9834710743801,3724
1410,961.9834710743801,3724
1411,961.9834710743801,3724
1412,961.9834710743801,3724
1413,961.9834710743801,3724
1414,961.9834710743801,3724
1415,961.9834710743801,3724
1416,961.9834710743801,3724
1417,961.9834710743801,3724
1418,961.9834710743801,3724
1419,961.9834710743801,3724
1420,961.9834710743801,3724
1421,961.9834710743801,3724
1422,961.9834710743801,3724
1423,961.9834710743801,3724
1424,961.9834710743801,3724
1425,961.9834710743801,3724
